option;valeur
rénovation . chauffage et eau chaude sanitaire . chaudières . chaudière biomasse à condensation;rénovation . chauffage et eau chaude sanitaire . chaudières . chaudière biomasse à condensation
rénovation . chauffage et eau chaude sanitaire . chaudières . chaudière gaz à condensation;rénovation . chauffage et eau chaude sanitaire . chaudières . chaudière gaz à condensation
rénovation . chauffage et eau chaude sanitaire . chauffe-eaux . chauffe-bain;rénovation . chauffage et eau chaude sanitaire . chauffe-eaux . chauffe-bain
rénovation . chauffage et eau chaude sanitaire . chauffe-eaux . chauffe-eau solaire;rénovation . chauffage et eau chaude sanitaire . chauffe-eaux . chauffe-eau solaire
rénovation . chauffage et eau chaude sanitaire . chauffe-eaux . chauffe-eau thermodynamique;rénovation . chauffage et eau chaude sanitaire . chauffe-eaux . chauffe-eau thermodynamique
rénovation . chauffage et eau chaude sanitaire . émetteurs . émetteur électrique;rénovation . chauffage et eau chaude sanitaire . émetteurs . émetteur électrique
rénovation . chauffage et eau chaude sanitaire . émetteurs . plancher chauffant basse température;rénovation . chauffage et eau chaude sanitaire . émetteurs . plancher chauffant basse température
rénovation . chauffage et eau chaude sanitaire . émetteurs . radiateur basse température;rénovation . chauffage et eau chaude sanitaire . émetteurs . radiateur basse température
rénovation . chauffage et eau chaude sanitaire . poêles et inserts . insert bois;rénovation . chauffage et eau chaude sanitaire . poêles et inserts . insert bois
rénovation . chauffage et eau chaude sanitaire . poêles et inserts . poêle bois;rénovation . chauffage et eau chaude sanitaire . poêles et inserts . poêle bois
rénovation . chauffage et eau chaude sanitaire . pompes à chaleur . pompe à chaleur air/air;rénovation . chauffage et eau chaude sanitaire . pompes à chaleur . pompe à chaleur air/air
rénovation . chauffage et eau chaude sanitaire . pompes à chaleur . pompe à chaleur air/eau;rénovation . chauffage et eau chaude sanitaire . pompes à chaleur . pompe à chaleur air/eau
rénovation . chauffage et eau chaude sanitaire . pompes à chaleur . pompe à chaleur eau/eau;rénovation . chauffage et eau chaude sanitaire . pompes à chaleur . pompe à chaleur eau/eau
rénovation . chauffage et eau chaude sanitaire . pompes à chaleur . pompe à chaleur hybride;rénovation . chauffage et eau chaude sanitaire . pompes à chaleur . pompe à chaleur hybride
rénovation . chauffage et eau chaude sanitaire . pompes à chaleur . pompe à chaleur sol/eau;rénovation . chauffage et eau chaude sanitaire . pompes à chaleur . pompe à chaleur sol/eau
rénovation . chauffage et eau chaude sanitaire . régulation . dispositif d'affichage et d'interprétation des consommations d'énergie;rénovation . chauffage et eau chaude sanitaire . régulation . dispositif affichage et interprétation des consommations énergie
rénovation . chauffage et eau chaude sanitaire . régulation . régulation par sonde de température extérieure;rénovation . chauffage et eau chaude sanitaire . régulation . régulation par sonde de température extérieure
rénovation . chauffage et eau chaude sanitaire . régulation . robinet thermostatique;rénovation . chauffage et eau chaude sanitaire . régulation . robinet thermostatique
rénovation . chauffage et eau chaude sanitaire . régulation . système de comptage individuel d'énergie de chauffage;rénovation . chauffage et eau chaude sanitaire . régulation . système de comptage individuel énergie de chauffage
rénovation . chauffage et eau chaude sanitaire . régulation . système de régulation par programmation d'intermittence;rénovation . chauffage et eau chaude sanitaire . régulation . système de régulation par programmation intermittence
rénovation . chauffage et eau chaude sanitaire . réseau . abaissement de la température de retour vers un réseau de chaleur;rénovation . chauffage et eau chaude sanitaire . réseau . abaissement de la température de retour vers un réseau de chaleur
rénovation . chauffage et eau chaude sanitaire . réseau . conduit d'évacuation des produits de combustion;rénovation . chauffage et eau chaude sanitaire . réseau . conduit évacuation des produits de combustion
rénovation . chauffage et eau chaude sanitaire . réseau . désambouage d'un réseau de chauffage;rénovation . chauffage et eau chaude sanitaire . réseau . désambouage un réseau de chauffage
rénovation . chauffage et eau chaude sanitaire . réseau . désambouage d'un réseau d'eau chaude sanitaire;rénovation . chauffage et eau chaude sanitaire . réseau . désambouage un réseau eau chaude sanitaire
rénovation . chauffage et eau chaude sanitaire . réseau . isolation d'un réseau de chauffage;rénovation . chauffage et eau chaude sanitaire . réseau . isolation un réseau de chauffage
rénovation . chauffage et eau chaude sanitaire . réseau . isolation d'un réseau d'eau chaude sanitaire;rénovation . chauffage et eau chaude sanitaire . réseau . isolation un réseau eau chaude sanitaire
rénovation . chauffage et eau chaude sanitaire . réseau . optimiseur de relance;rénovation . chauffage et eau chaude sanitaire . réseau . optimiseur de relance
rénovation . chauffage et eau chaude sanitaire . réseau . récupérateur de chaleur à condensation;rénovation . chauffage et eau chaude sanitaire . réseau . récupérateur de chaleur à condensation
rénovation . chauffage et eau chaude sanitaire . réseau . système de variation électronique de vitesse sur une pompe;rénovation . chauffage et eau chaude sanitaire . réseau . système de variation électronique de vitesse sur une pompe
rénovation . chauffage et eau chaude sanitaire . réseaux de chaleur . raccordement à un réseau de chaleur;rénovation . chauffage et eau chaude sanitaire . réseaux de chaleur . raccordement à un réseau de chaleur
rénovation . chauffage et eau chaude sanitaire . système solaire combiné;rénovation . chauffage et eau chaude sanitaire . système solaire combiné
rénovation . chauffage et eau chaude sanitaire . système solaire hybride;rénovation . chauffage et eau chaude sanitaire . système solaire hybride
rénovation . isolation . isolation des combles et toitures . isolation des planchers de combles perdus;rénovation . isolation . isolation des combles et toitures . isolation des planchers de combles perdus
rénovation . isolation . isolation des combles et toitures . isolation des rampants de toiture par l'extérieur;rénovation . isolation . isolation des combles et toitures . isolation des rampants de toiture par extérieur
rénovation . isolation . isolation des combles et toitures . isolation des rampants de toiture par l'intérieur;rénovation . isolation . isolation des combles et toitures . isolation des rampants de toiture par intérieur
rénovation . isolation . isolation des combles et toitures . isolation d'une toiture terrasse par l'extérieur;rénovation . isolation . isolation des combles et toitures . isolation une toiture terrasse par extérieur
rénovation . isolation . isolation des murs . isolation des murs par l'extérieur;rénovation . isolation . isolation des murs . isolation des murs par extérieur
rénovation . isolation . isolation des murs . isolation des murs par l'intérieur;rénovation . isolation . isolation des murs . isolation des murs par intérieur
rénovation . isolation . isolation des planchers . isolation d'un plancher par l'extérieur;rénovation . isolation . isolation des planchers . isolation un plancher par extérieur
rénovation . isolation . isolation des planchers . isolation d'un plancher par l'intérieur;rénovation . isolation . isolation des planchers . isolation un plancher par intérieur
rénovation . isolation . ouvrants . fenêtre de toit isolante;rénovation . isolation . ouvrants . fenêtre de toit isolante
rénovation . isolation . ouvrants . fenêtre isolante;rénovation . isolation . ouvrants . fenêtre isolante
rénovation . isolation . ouvrants . porte isolante;rénovation . isolation . ouvrants . porte isolante
rénovation . isolation . ouvrants . porte-fenêtre isolante;rénovation . isolation . ouvrants . porte-fenêtre isolante
rénovation . isolation . protections solaires . fermeture isolante;rénovation . isolation . protections solaires . fermeture isolante
rénovation . isolation . protections solaires . protection solaire des façades;rénovation . isolation . protections solaires . protection solaire des façades
rénovation . isolation . protections solaires . protection solaire des ouvrants;rénovation . isolation . protections solaires . protection solaire des ouvrants
rénovation . isolation . protections solaires . protection solaire d'une toiture;rénovation . isolation . protections solaires . protection solaire une toiture
rénovation . refroidissement . climatiseur;rénovation . refroidissement . climatiseur
rénovation . refroidissement . raccordement à un réseau de froid;rénovation . refroidissement . raccordement à un réseau de froid
rénovation . rénovation globale;rénovation . rénovation globale
rénovation . services . audit énergétique;rénovation . services . audit énergétique
rénovation . services . etude de maîtrise d'oeuvre;rénovation . services . etude de maîtrise oeuvre
rénovation . services . mission d'accompagnement aux travaux;rénovation . services . mission accompagnement aux travaux
rénovation . services . mission d'assistance à maîtrise d'ouvrage;rénovation . services . mission assistance à maîtrise ouvrage
rénovation . services . service de suivi des consommations d'énergie;rénovation . services . service de suivi des consommations énergie
rénovation . ventilation . puit canadien;rénovation . ventilation . puit canadien
rénovation . ventilation . puit provençal;rénovation . ventilation . puit provençal
rénovation . ventilation . ventilation hybride;rénovation . ventilation . ventilation hybride
rénovation . ventilation . ventilation mécanique double flux;rénovation . ventilation . ventilation mécanique double flux
rénovation . ventilation . ventilation mécanique répartie;rénovation . ventilation . ventilation mécanique répartie
rénovation . ventilation . ventilation mécanique simple flux;rénovation . ventilation . ventilation mécanique simple flux
